day_of month,name,info
1,Ramiz Abutalibov,", 84, Azerbaijani diplomat and historian."
1,Paul Adegboyega Olawoore,", 60, Nigerian Roman Catholic prelate, coadjutor bishop (2018–2019) and bishop (since 2019) of Ilorin."
1,Edna Brown,", 81, American politician, member of the Ohio Senate (2011–2018) and House of Representatives (2002–2010)."
1,Gary Burgess,", 46, British broadcaster (ITV Channel Television), cancer."
1,Barbara Chilcott,", 99, Canadian actress (, , )."
1,Maurice Blanchard Cohill Jr.,", 92, American jurist, judge (since 1976) and chief judge (1985–1992) of the U.S. District Court for Western Pennsylvania, complications from a stroke."
1,David Cunliffe,", 86, British television director and producer ()."
1,Jean-Pierre Defontaine,", 84, French politician, deputy (1978–2007)."
1,Francesco Forte,", 92, Italian politician, economist and academic, MP (1979–1994), minister of European affairs (1983–1986) and of finance (1982–1983)."
1,Richard Freed,", 93, American music critic, heart attack."
1,Sir Victor Garland,", 87, Australian politician and diplomat, MP (1969–1981) and high commissioner to the United Kingdom (1981–1983)."
1,Gergely Homonnay,", 46, Hungarian writer, journalist and LGBTQ activist."
1,Arnold Jeter,", 82, American college football coach (Delaware State, New Jersey City)."
1,Max Julien,", 88, American actor (, ) and screenwriter ()."
1,Andreas Kunz,", 75, German Nordic combined competitor, Olympic bronze medalist (1968)."
1,Roger-Xavier Lantéri,", 91, French journalist."
1,Bob Leamy,", 87, New Zealand Roman Catholic prelate, bishop of Rarotonga (1984–1996)."
1,Janusz Łęski,", 91, Polish film director () and screenwriter."
1,Mighty Bomber,", 93, Grenadian-born Trinidad and Tobago calypsonian."
1,Anthony Obi,", 69, Nigerian politician, military administrator of Osun State (1996–1998)."
1,Pierre Parsus,", 100, French painter and illustrator."
1,Dan Reeves,", 77, American football player (Dallas Cowboys) and coach (Denver Broncos, Atlanta Falcons), Super Bowl champion (1972), complications from dementia."
1,Ralph Staub,", 93, American football coach (Cincinnati Bearcats, Ohio State Buckeyes, Houston Oilers)."
1,Calisto Tanzi,", 83, Italian food industry executive and convicted fraudster, founder of Parmalat and owner of Parma Calcio (1989–2003), lung infection."
1,Jean-Charles Terrassier,", 81, French psychologist."
1,Jim Toy,", 91, American LGBTQ activist."
1,Xu Xingchu,", 87, Chinese engineer, member of the Chinese Academy of Sciences."
2,Saliu Adetunji,", 93, Nigerian traditional ruler, Olubadan of Ibadan (since 2016)."
2,Juan Manuel Albendea Pabón,", 84, Spanish economist, bullfighting critic, and politician, deputy (1996–2015)."
2,Larry Biittner,", 75, American baseball player (Chicago Cubs, Washington Senators/Texas Rangers, Montreal Expos), cancer."
2,Afra Bukhari,", 83, Pakistani writer."
2,Jean-Guy Couture,", 92, Canadian Roman Catholic prelate, bishop of Chicoutimi (1979–2004)."
2,Edward J. Cowan,", 77, Scottish historian, lung cancer."
2,Da Hoss,", 29, American racehorse."
2,John Efford,", 77, Canadian politician, MP (2002–2006) and Newfoundland and Labrador MHA (1985–2001)."
2,Eric Walter Elst,", 85, Belgian astronomer."
2,Jody Gibson,", 64, American convicted procurer."
2,Bob Halloran,", 87, American sportscaster (CBS Sports)."
2,Jens Jørgen Hansen,", 82, Danish football player (Esbjerg fB, national team) and manager."
2,Jarmo Jääskeläinen,", 84, Finnish journalist and documentary filmmaker."
2,Jorma Katrama,", 85, Finnish double bassist."
2,Kenny J,", 69, Trinidad and Tobago calypsonian and soca parang singer, COVID-19."
2,Richard Leakey,", 77, Kenyan paleoanthropologist, conservationist, and politician, co-founder of Safina and WildlifeDirect."
2,Maharram Mammadyarov,", 97, Azerbaijani chemist, member of the Azerbaijan National Academy of Sciences."
2,Abd al-Mawla Naqi,", 90, Libyan politician, deputy (1960–1964)."
2,Dorothy McGowan,", 82, American model and actress ()."
2,Hamish More,", 81, Scottish cricketer (national team)."
2,Ion Niculiță,", 82, Moldovan archaeologist."
2,Charles Njonjo,", 101, Kenyan jurist and politician, attorney general (1963–1973), minister of justice (1978–1982) and MP (1980–1983), pneumonia."
2,John Quinn,", 67, British legal adviser, attorney general of the Isle of Man (since 2017)."
2,Hagit Shatkay,", 56, Israeli-American computer scientist."
2,Basti Vaman Shenoy,", 87, Indian writer and political activist, founder of World Konkani Centre."
2,R. N. Singh,", 74, Indian politician, Maharashtra MLC (since 2016), heart disease."
2,Joan Soler i Amigó,", 80, Spanish pedagogue and writer."
2,Traxamillion,", 42, American hip hop producer, cancer."
2,Zhou Xiaofeng,", 57, Chinese entrepreneur and politician, member of the National People's Congress (2008–2012)."
3,Oussou Konan Anicet,", 32, Ivorian footballer (Makkasa, HJK, Nam Dinh), poisoned."
3,George Bălan,", 92, Romanian philosopher, COVID-19."
3,Odell Barry,", 80, American football player (Denver Broncos) and politician, mayor of Northglenn, Colorado (1980–1982), heart disease."
3,Egle Becchi,", 91, Italian pedagogist, historian and academic."
3,Mordechai Ben-Porat,", 98, Israeli politician, MK (1965–1984)."
3,Igor Bogdanoff,", 72, French television presenter and academic fraudster (Bogdanov affair), COVID-19."
3,Gina Cabrera,", 93, Cuban actress (, )."
3,Gianni Celati,", 84, Italian writer and translator, complications from a broken hip."
3,Daniel Colliard,", 91, French politician, deputy (1993–1997)."
3,Mel Foss,", 82, Canadian football player (Edmonton Eskimos)."
3,Olga Gavrilova,", 64, Russian javelin thrower."
3,John D. Hawke Jr.,", 88, American lawyer and politician, under secretary of the Treasury for domestic finance (1995–1998)."
3,Nancy B. Jackson,", 65, American chemist."
3,Ulysses Kokkinos,", 73, Turkish-born Australian footballer (South Melbourne Hellas, Melbourne Juventus)."
3,Mario Lanfranchi,", 94,  Italian film director (, , ) and screenwriter."
3,Kamel Lemoui,", 82, Algerian football player (Béziers,  MC Alger) and manager (national team), COVID-19."
3,Jud Logan,", 62, American four-time Olympic hammer thrower, complications from COVID-19."
3,Zbigniew Łój,", 76, Polish Olympic field hockey player (1972)."
3,Adam Maldzis,", 89, Belarusian historian and literary critic."
3,Tu'u Maori,", 33, New Zealand-born Papua New Guinean rugby league player (national team), motor neurone disease."
3,Willie McCray,", 68, American football player (San Francisco 49ers)."
3,Beatrice Mintz,", 100, American embryologist."
3,Silvino Adolfo Morais,", 65, East Timorese politician, MNP (since 2018), complications from a heart attack."
3,Jiří Patera,", 85, Czech-born Canadian mathematician."
3,Carter Revard,", 90, American poet and scholar."
3,Viktor Saneyev,", 76, Georgian triple jumper, Olympic champion (1968, 1972, 1976)."
3,S. H. Sarma,", 99, Indian vice admiral, FOCEF (1971–1973) and commandant of the National Defence College (1975–1977)."
3,Richard Sinnott,", 74, Irish academic, political commentator and broadcaster."
3,Harvey G. Stack,", 93, American numismatist."
3,Nino Sydney,", 89, Yugoslav-born Australian architect and water polo player."
3,Claude Taittinger,", 94, French businessman, director of Taittinger."
3,Bashir Tofa,", 74, Nigerian politician, MP (1977–1979)."
3,Lila Wallis,", 100, Polish-born American endocrinologist and hematologist."
3,Jay Wolpert,", 79, American television producer () and screenwriter (, ), complications from Alzheimer's disease."
3,Zheng Min,", 101, Chinese poet."
3,Vladan Živković,", 80, Serbian actor (, , )."
4,Rolf-Dieter Amend,", 72, German slalom canoeist, Olympic champion (1972)."
4,Leanne Armand,", 53, Australian marine scientist, cancer."
4,Javier Astúa,", 53, Costa Rican footballer (Puntarenas, Palestino, national team), heart disease."
4,Michael Billen,", 66, German politician, member of the Rhineland-Palatinate Landtag (1996–2020), leukemia."
4,Ross Browner,", 67, American Hall of Fame football player (Notre Dame Fighting Irish, Cincinnati Bengals, Green Bay Packers), COVID-19."
4,David Carpenter,", 86, English cricketer (Gloucestershire)."
4,Hilton Cheong-Leen,", 99, Hong Kong politician, member (1957–1991) and chairman (1983–1986) of the Urban Council, member of the Legislative Council (1973–1979, 1985–1988)."
4,Joan Copeland,", 99, American actress (, , )."
4,Jim Corsi,", 60, American baseball player (Oakland Athletics, Boston Red Sox, Houston Astros), cancer."
4,Sergio Dangelo,", 89, Italian surrealistic painter."
4,William M. Ellinghaus,", 99, American business executive, president of AT&T (1979–1984)."
4,Julio Ferrer,", 68, Puerto Rican Olympic sprinter (1976)."
4,Max Fordham,", 88, British engineer."
4,Aranka Goijert,", 80, Dutch politician, senator (2007–2011)."
4,Percy Hobson,", 79, Australian high jumper, British Empire and Commonwealth Games gold medallist (1962)."
4,William Terrell Hodges,", 87, American jurist, judge (since 1971) and chief judge (1982–1989) of the U.S. District Court for Middle Florida."
4,Jaakko Jonkka,", 68, Finnish jurist, chancellor of justice (2007–2018)."
4,Kevin Kalkhoven,", 77, Australian telecom (JDS Uniphase) and motorsport (Champ Car World Series) executive and motor racing team owner (KV Racing Technology)."
4,Anatoliy Kuksov,", 72, Ukrainian football player (Zorya Luhansk, Soviet Union national team) and coach (Hirnyk Rovenky), Olympic bronze medallist (1972)."
4,Carl Linhart,", 92, Czechoslovakian-born American baseball player (Detroit Tigers)."
4,Tom Matchick,", 78, American baseball player (Detroit Tigers, Kansas City Royals, Milwaukee Brewers), World Series champion (1968), complications from COVID-19."
4,María Mérida,", 96, Spanish folk singer."
4,Andreas Michalopoulos,", 73, Greek footballer (Panachaiki, national team)."
4,Irma Mico,", 107, Austro-Hungarian-born French resistance fighter."
4,Henny Orri,", 96, Dutch actress (, )."
4,Darryl Owens,", 84, American politician, member of the Kentucky House of Representatives (2005–2019)."
4,Craig Ruddy,", 53, Australian artist, complications from COVID-19."
4,Sindhutai Sapkal,", 73, Indian social worker, heart attack."
4,Darwin Semotiuk,", 76, Canadian football coach (Western Mustangs) and basketball player (national team), complications from sepsis."
4,Stelios Serafidis,", 86, Greek football player (AEK Athens, national team) and coach, cancer."
4,Keishu Tanaka,", 83, Japanese politician, minister of justice (2012) and three-time MP."
5,Josephine Abercrombie,", 95, American horse breeder."
5,Francisco Álvarez Martínez,", 96, Spanish Roman Catholic cardinal, bishop of Tarazona (1973–1976) and Orihuela-Alicante (1989–1995), archbishop of Toledo (1995–2002)."
5,Lowell Amos,", 79, American convicted murderer."
5,Rose Beauchamp,", 75, New Zealand puppeteer and pianist."
5,Enrico Berti,", 86, Italian philosopher."
5,Robert Blust,", 81, American linguist, cancer."
5,Lawrence Brooks,", 112, American supercentenarian, nation's oldest living man and oldest WWII veteran."
5,Bill Bryden,", 79, Scottish theatre and film director."
5,Dale Clevenger,", 81, American horn player, Grammy winner (1994, 2001), complications from Waldenstrom's disease."
5,Antoni Dalmau,", 70, Spanish politician and writer, member of the Catalan parliament (1988–1999) and president of the Provincial Deputation of Barcelona (1982–1987)."
5,Alyaksandr Fyedarovich,", 48, Belarusian football player (BATE Borisov, Dnepr Mogilev, Naftan Novopolotsk) and coach."
5,Valeriy Gorbach,", 53, Tajik footballer (Fakel Voronezh, Lokomotiv Liski, national team), heart failure."
5,Keith Goullet,", 89, Australian footballer (North Melbourne)."
5,Mohamed Hilmi,", 90, Algerian film director and actor."
5,Filza Khamidullin,", 86, Russian economist and politician, senator (2003–2005)."
5,Kim Mi-soo,", 29, South Korean actress (, , )."
5,Jack Kissane,", 92, Irish Gaelic footballer (Galway) and brigadier general."
5,Saleh Al-Luhaidan,", 89, Saudi Arabian Islamic scholar."
5,Marian Machowski,", 89, Polish footballer (Wisła Kraków, national team)."
5,John Moriarty,", 91, American conductor."
5,Ralph Neely,", 78, American football player (Dallas Cowboys), Super Bowl champion (1972, 1978)."
5,Neil Nongkynrih,", 51, Indian pianist, founder of Shillong Chamber Choir."
5,Anatole Novak,", 84, French road bicycle racer."
5,Siiri Perälä,", 28, Finnish futsal player, B-cell lymphoma."
5,Aiyappan Pillai,", 107, Indian lawyer and politician, heart disease."
5,Sir Allan Ramsay,", 84, British diplomat, ambassador to Lebanon (1988–1990), Sudan (1990–1991) and Morocco (1992–1996)."
5,Greg Robinson,", 70, American football coach (Syracuse University, UCLA Bruins, Denver Broncos), complications from Alzheimer's disease."
5,George Rossi,", 60, Scottish actor (, , ), pancreatic cancer."
5,Peter Saville,", 75, British psychologist."
5,Shahid Uddin Ahmed Selim,", 69, Bangladeshi footballer (Brothers Union, national team), oral cancer."
5,Mircea Stoenescu,", 78, Romanian footballer (Dinamo București) and referee."
5,Arnljot Strømme Svendsen,", 100, Norwegian economist, politician, and writer."
5,Olga Szabó-Orbán,", 83, Romanian fencer, Olympic silver medallist (1956)."
5,Frank H. Wadsworth,", 106, American forester and conservationist."
6,Peter Bogdanovich,", 82, American film director (, , ), actor and writer, complications from Parkinson's disease."
6,Ray Boyle,", 98, American actor (, ) and production designer ()."
6,José Cardoso Dutra,", 84, Brazilian politician, deputy (1987–1995), cardiac arrest."
6,Maria Victoria Carpio-Bernido,", 60, Filipino physicist, colon cancer."
6,Gritakumar E. Chitty,", 82, Sri Lankan jurist and diplomat."
6,A. Jamie Cuticchia,", 55, American geneticist, cancer."
6,Bob Falkenburg,", 95, American Hall of Fame tennis player and businessman, founder of Bob's."
6,Vladimir Gudev,", 81, Russian diplomat, Soviet ambassador to Iran (1987–1993), Egypt (1995–2000) and Georgia (2000–2002)."
6,Larry Haylor,", 76, Canadian football coach (Western Ontario Mustangs), heart attack."
6,Barbara Jacket,", 87, American track and field coach (Prairie View A&M) and athletic director."
6,F. Sionil José,", 97, Filipino writer (, , )."
6,Maria Klenskaja,", 70, Estonian actress (, , )."
6,E. F. K. Koerner,", 82, German linguist."
6,Mariano Laurenti,", 92, Italian film director (, , ) and actor."
6,Jo Manning,", 98, Canadian etcher, painter and author, euthanasia."
6,Carlo Meliciani,", 92, Italian operatic baritone."
6,Rómulo Méndez,", 83, Guatemalan football referee."
6,Volodymyr Pak,", 87, Ukrainian politician, deputy (2005–2006)."
6,Murray Peden,", 98, Canadian Air Force pilot and author."
6,Gloria Piedimonte,", 66, Italian actress (), singer and dancer (), complications from COVID-19."
6,Sidney Poitier,", 94, Bahamian-American actor (Oscar, 1963, ),  winner (), heart failure."
6,Julian Reed,", 85, Canadian politician, Ontario MLA (1975–1985), MP (1993–2004)."
6,Calvin Simon,", 79, American Hall of Fame singer (Parliament-Funkadelic)."
6,Tony Tallarico,", 88, American cartoonist."
6,Yoram Taharlev,", 83, Israeli songwriter and poet."
6,Samuel K. Tan,", 88, Filipino historian and academic, complications from COVID-19."
6,Kwasi Wiredu,", 90, Ghanaian philosopher."
6,Clive Zanda,", 82, Trinidad and Tobago jazz musician and architect, complications from diabetes."
6,Zhang Jiqing,", 83, Chinese Kunqu artist."
7,Amanda Asay,", 33, Canadian baseball player (national team), injuries sustained in skiing accident."
7,Ishmael Ashitey,", 67, Ghanaian politician, MP (1997–2009)."
7,Ahmad Bamba,", 79, Ghanaian Islamic scholar."
7,Stéphane Blet,", 52, French classical pianist and composer, fall."
7,Laurence Boissier,", 56, Swiss writer and artist."
7,Dee Booher,", 73, American professional wrestler (GLOW) and actress (, )."
7,Edward Bozek,", 71, American Olympic fencer (1972, 1976)."
7,Harpdog Brown,", 59, Canadian blues musician."
7,Guy Cavagnac,", 87, French filmmaker."
7,Tom Corston,", 72, Canadian Anglican prelate, bishop of Moosonee (2010–2013), cancer."
7,Gerson da Cunha,", 92, Indian actor (, , )."
7,Mino De Rossi,", 90, Italian road bicycle and track cyclist, Olympic champion (1952)."
7,Jack Dromey,", 73, British politician, MP (since 2010), heart failure."
7,José Évrard,", 76, French politician, deputy (since 2017), COVID-19."
7,Mark Forest,", 89, American bodybuilder and actor ()."
7,George Gerberman,", 79, American baseball player (Chicago Cubs)."
7,Lani Guinier,", 71, American civil rights theorist, complications from Alzheimer's disease."
7,Bobby Harrison,", 82, English rock drummer and singer (Procol Harum, Freedom, Snafu)."
7,"Robert Hughes, Baron Hughes of Woodside",", 90, British politician, MP (1970–1997) and chair of the Anti-Apartheid Movement (1976–1995)."
7,Anatoly Kvashnin,", 75, Russian military officer, chief of the general staff (1997–2004), COVID-19."
7,Francisco Laína,", 85, Spanish politician."
7,Liu Siqi,", 91, Chinese public figure."
7,Raymond Malenfant,", 91, Canadian businessman."
7,Robbie Moore,", 67, Canadian ice hockey player (Philadelphia Flyers, Washington Capitals)."
7,Ruby Moscoso de Young,", 80, Panamanian politician, first lady (1999–2004)."
7,Luis Pareto González,", 93, Chilean politician, three-time member and president (1973, 2001–2002) of the Chamber of Deputies."
7,François Perigot,", 95, French businessman and trade unionist, president of BusinessEurope (1988–1998) and CNPF (1986–1994)."
7,Jimmy Smith,", 91, English footballer (Chelsea, Leyton Orient)."
7,Jorge Sotomayor Tello,", 79, Peruvian-born Brazilian mathematician."
7,John Swantek,", 88, American Polish Catholic prelate, prime bishop (1985–2002)."
7,R. Dean Taylor,", 82, Canadian singer-songwriter (""Indiana Wants Me"", ""There's a Ghost in My House"") and producer (""Love Child"")."
7,Alexander Timofeevskiy,", 88, Russian writer, songwriter and screenwriter ()."
7,Vitaliano Trevisan,", 61, Italian writer, playwright, and actor (, ), suicide by drug overdose."
7,Eberhard Zeidler,", 95, German-born Canadian architect."
8,Baktash Abtin,", 48, Iranian poet and filmmaker, complications from COVID-19."
8,Ramesh Babu,", 56, Indian film producer (, ) and actor (), liver disease."
8,Eddie Basinski,", 99, American baseball player (Brooklyn Dodgers, Pittsburgh Pirates, Portland Beavers)."
8,Marilyn Bergman,", 93, American Hall of Fame songwriter (""The Way We Were"", ""The Windmills of Your Mind"", ""You Don't Bring Me Flowers""), Oscar winner (1969, 1974, 1984), respiratory failure."
8,Hanef Bhamjee,", 75–76, South African-British anti-apartheid activist."
8,Lourdes Castro,", 91, Portuguese abstract artist."
8,Bill Cornish,", 84, Australian-British legal scholar."
8,José Curiel,", 84, Venezuelan politician, governor of Falcón (1996–2000)."
8,Truus Dekker,", 99, Dutch actress (, )."
8,Don Dillard,", 85, American baseball player (Cleveland Indians, Milwaukee Braves)."
8,Robin Fernando,", 84, Sri Lankan actor (, , ), complications from Parkinson's disease."
8,Mike Gore,", 87, British-born Australian physicist."
8,Frank Hasenfratz,", 86, Hungarian-born Canadian businessman (Linamar)."
8,Andrew Jennings,", 78, British investigative journalist, aortic aneurysm."
8,Ramdas Kamat,", 90, Indian musician and actor."
8,Attila Kelemen,", 73, Romanian politician, deputy (1996–2016) and MEP (2007)."
8,Michael Lang,", 77, American concert producer, co-creator of Woodstock, non-Hodgkin lymphoma."
8,Aleksandr Lebedev-Frontov,", 61, Russian painter, collagist, and musician."
8,Peter G. Levine,", 61, American medical researcher."
8,Viktor Mazin,", 67, Russian weightlifter, Olympic champion (1980)."
8,Jaime Ostos,", 90, Spanish bullfighter, heart attack."
8,Michael Parks,", 78, American journalist and editor (, ), heart attack and kidney failure."
8,Carmelo Pujia,", 94, Italian politician, president of the Province of Catanzaro (1970–1975) and deputy (1983–1994)."
8,John Rambo,", 78, American high jumper, Olympic bronze medallist (1964), heart attack."
8,Nina Rocheva,", 73, Russian cross-country skier, Olympic silver medallist (1980)."
8,Stanislav Rudolf,", 89, Czech writer, screenwriter and dramaturge."
8,Hiranmay Sen Gupta,", 87, Bangladeshi nuclear physicist, member of the Bangladesh Academy of Sciences."
8,Sinan Al Shabibi,", 80, Iraqi economist, governor of the central bank (2003–2012)."
8,Howard Solomon,", 94, American businessman (Forest Laboratories)."
8,Sornphet Sornsuphan,", 73, Thai luk thung singer."
8,Manfred Srb,", 80, Austrian politician, MP (1986–1994)."
8,Kazuo Takahashi,", 91, Japanese politician, governor of Yamagata Prefecture (1993–2005)."
8,György Telegdy,", 94, Hungarian Olympic basketball player (1952)."
8,Keith Todd,", 80, Welsh footballer (Swansea Town, Pembroke Borough)."
9,Jim Bakhtiar,", 88, Iranian-born American college football player (Virginia Cavaliers)."
9,Harley Balic,", 25, Australian footballer (Fremantle, Melbourne)."
9,Khalid Balti,", 48–50, Pakistani militant commander, spokesman of the Tehrik-i-Taliban Pakistan, shot."
9,Bill Boomer,", 84, American swim coach (University of Rochester)."
9,Moe Brooker,", 81, American artist."
9,Franco Cavallo,", 89, Italian sailor, Olympic bronze medalist (1968)."
9,Viktor Chakrygin,", 37, Russian footballer (Dynamo Makhachkala, Zenit Penza, Anzhi Makhachkala)."
9,Michael Joe Cosgrave,", 83, Irish politician, TD (1981–1992, 1997–2002)."
9,Fiona Denison,", 51–52, Scottish academic, suicide."
9,Shakuntala Devi,", 90, Indian politician, MP (1957–1967)."
9,Nicholas Donnelly,", 83, British actor (, , )."
9,Richard Dorman,", 96, British diplomat, high commissioner to Vanuatu (1982–1985). "
9,Wael el-Ebrashy,", 58, Egyptian journalist and television presenter, complications from COVID-19."
9,Maria Ewing,", 71, American opera singer, cancer."
9,Andrée Fortin,", 68, Canadian sociologist and academic."
9,Tahani al-Gebali,", 71, Egyptian judge, vice president of the supreme constitutional court (2003–2012), COVID-19."
9,Derek Goldby,", 81, Australian theatre director."
9,Dwayne Hickman,", 87, American actor (, , ) and television director, complications from Parkinson's disease."
9,Akira Inoue,", 93, Japanese film director (, , ), stroke and pneumonia."
9,Mike Jones,", 80, Welsh painter."
9,Toshiki Kaifu,", 91, Japanese politician, prime minister (1989–1991), pneumonia."
9,Roman Karpyuk,", 57, Ukrainian teacher and politician, member (since 2010) and deputy chairman (since 2014) of the Volyn Oblast Council."
9,Abdelkrim Kerroum,", 85, Algerian footballer (FC Sète 34, Troyes, national team)."
9,Dušan Klein,", 82, Czech film director and screenwriter (, , )."
9,Jean Maheu,", 90, French government official, president of the Centre Pompidou (1983–1989), président-directeur général of Radio France (1989–1995)."
9,James Maraniss,", 76, American academic and librettist, Pulitzer Prize winner (2000), heart attack."
9,James Mtume,", 76, American musician (Mtume) and songwriter (""Juicy Fruit"", ""The Closer I Get to You"")."
9,Nguyễn Côn,", 105, Vietnamese politician, deputy prime minister (1967–1976)."
9,Giacomo Properzj,", 82, Italian politician, president of the Province of Milan (1990–1992)."
9,Bob Saget,", 65, American comedian, television presenter () and actor (, ), blunt head trauma."
9,Jouni Seistamo,", 82, Finnish Olympic ice hockey player (1960, 1964)."
9,Bob Shearer,", 73, Australian golf player and course architect, heart attack."
9,Desmond de Silva,", 78, Sri Lankan singer, heart attack."
9,Marc Wilkinson,", 92, Australian-British composer and conductor."
10,Herbert Achternbusch,", 83, German film director (, , ), writer, and painter."
10,Robert Allan Ackerman,", 77, American television and theatre director (, , ), kidney failure."
10,Johan Anuar,", 56, Indonesian politician, regent of Ogan Komering Ulu (2021), cancer."
10,Garry Bradbury,", 61–62, British-born Australian electronic musician. (death announced on this date)"
10,Marion Brash,", 90, German-born American actress (, )."
10,Jan Ciechanowicz,", 75, Lithuanian politician, member of the Supreme Soviet of the Soviet Union (1989–1991)."
10,Vladimir Dolgov,", 61, Ukrainian swimmer, Olympic bronze medalist (1980), stomach cancer."
10,James Drake,", 89, American photographer (), lung cancer."
10,Jim Drake,", 77, American film and television director (, , )."
10,Gérard Drouot,", 69, French artistic director and live performance organizer, leukemia."
10,Ciro Durán,", 84, Colombian screenwriter and film director ()."
10,Robert Durst,", 78, American convicted murderer, subject of , cardiac arrest."
10,Joyce Eliason,", 87, American television writer and producer (, , )."
10,Alfred Gager,", 79, Austrian footballer (Austria Wien, Wacker Wien, national team)."
10,Christian Gasc,", 76, French costume designer (, )."
10,Christian Görlitz,", 78, German film director."
10,Gerry Granahan,", 89, American singer-songwriter (""Leave Me Alone (Let Me Cry)"") and record producer."
10,Ian Greenberg,", 79, Canadian businessman, co-founder of Astral Media."
10,Brian Hannon,", 85, Irish Anglican prelate, lord bishop of Clogher (1986–2001)."
10,Aura Herzog,", 97, Israeli social activist, first lady (1983–1993) and founder of the Council for a Beautiful Israel."
10,Francis Jackson,", 104, British organist and composer."
10,Khan Jamal,", 75, American jazz vibraphonist, kidney failure."
10,Arthur J. Jelinek,", 93, American anthropologist."
10,Glyn Jones,", 85, English footballer (Sheffield United, Rotherham United, Mansfield Town). (death announced on this date)"
10,Friedrich Kurrent,", 90, Austrian architect and author."
10,Deon Lendore,", 29, Trinidad and Tobago sprinter, Olympic bronze medallist (2012), traffic collision."
10,Liu Xianping,", 83, Chinese writer."
10,Øystein Lønn,", 85, Norwegian writer."
10,Taskeen Manerwal,", 72, Pakistani poet."
10,"Margherita, Archduchess of Austria-Este",", 91, Italian aristocrat."
10,Don Maynard,", 86, American Hall of Fame football player (New York Titans / Jets, New York Giants, St. Louis Cardinals), Super Bowl champion (1969)."
10,Ali Mitgutsch,", 86, German illustrator, pneumonia."
10,Shinji Mizushima,", 82, Japanese manga artist (, , ), pneumonia."
10,Miguel Muñiz,", 82, Spanish economist, president of Official Credit Institute (1986–1995) and director of Teatro Real (2004–2012)."
10,Valentine Palmer,", 86, English voice coach, singer and actor (, , )."
10,Chandrashekhar Patil,", 82, Indian poet and playwright."
10,Alejandro Quiroz,", 101, Mexican Olympic pentathlete (1948)."
10,Olavi Rinteenpää,", 97, Finnish Olympic steeplechase runner (1952, 1956)."
10,Nils A. Røhne,", 72, Norwegian politician, deputy MP (1997–2009)."
10,Tina Scala,", 86, Italian-Irish actress ()."
10,Burke Shelley,", 71, Welsh bassist and vocalist (Budgie)."
10,Colin Slater,", 87, English football commentator (BBC Radio Nottingham)."
10,Ronald Stewart,", 94, Canadian politician, MP (1979–1988)."
10,Zhanat Suleimenov,", 59, Kazakh military leader and politician, deputy minister of internal affairs (2017–2019), suicide."
10,Gerald Tanner,", 100, Australian footballer (Richmond)."
10,Silvia Tortora,", 59, Italian journalist."
10,Abdurrahman Vazirov,", 91, Azerbaijani politician, leader of Azerbaijan SSR (1988–1990)."
10,Gary Waldhorn,", 78, English actor (, , )."
11,Anatoly Alyabyev,", 70, Russian biathlete, Olympic champion (1980 individual, 1980 relay), COVID-19."
11,Clyde Bellecourt,", 85, American civil rights activist, co-founder of the American Indian Movement, cancer."
11,Jana Bennett,", 66, American-born British media executive, brain cancer."
11,Orlando Busino,", 95, American cartoonist."
11,Ahmet Yılmaz Çalık,", 27, Turkish footballer (Galatasaray, Konyaspor, national team), traffic collision."
11,Jeffery Paul Chan,", 79, American author () and scholar."
11,Stephen Churchett,", 74, British actor (, , )."
11,Mike Cochran,", 85, American journalist (Associated Press, )."
11,Evence-Charles Coppée,", 68, Belgian press director, director of  (1996–2005)."
11,Jerry Crutchfield,", 87, American music executive."
11,Mihir Das,", 62, Indian actor (, , )."
11,Razmik Davoyan,", 81, Armenian poet."
11,Louis Dupré,", 96, Belgian religious philosopher."
11,Francesco Focardi,", 72, Italian Roman Catholic prelate, vicar apostolic of Camiri (2009–2017)."
11,Richard Folmer,", 79, American actor (, , )."
11,Dinos Hadjinicolas,", 66, Cypriot politician, member of the House of Representatives (2003–2011)."
11,Marleen Hutchful,", 35, Ghanaian actress (), acute myeloid leukemia."
11,Boris Khazanov,", 93, Russian writer."
11,Magawa,", 8, Cambodian African giant pouched rat, HeroRAT."
11,Duryodhan Majhi,", 83, Indian politician, Odisha MLA (1990–2019)."
11,Kay McNamee,", 91, Canadian Olympic swimmer (1948, 1952)."
11,Khaleel Mohammed,", 66, Guyanese-Canadian religious scholar. (death announced on this date)"
11,Abdillahi Nassir,", 89, Kenyan Islamic scholar."
11,Hans Nisblé,", 76, German politician."
11,Pang Chien-kuo,", 68, Taiwanese politician, member of the Legislative Yuan (2002–2005), fall."
11,Klaus Ploghaus,", 65, German hammer thrower, Olympic bronze medalist (1984)."
11,Karl Harrington Potter,", 94, American Indologist."
11,A. G. S. Ram Babu,", 59, Indian politician, MP (1989–2001), COVID-19."
11,Herman Rechberger,", 74, Austrian-born Finnish composer."
11,Tim Rosaforte,", 66, American golf writer (ESPN, ) and broadcaster (), complications from Alzheimer's disease."
11,Jordi Sabatés,", 73, Spanish pianist."
11,Guy Sajer,", 94, French writer () and cartoonist."
11,Phil Samis,", 94, Canadian ice hockey player (Toronto Maple Leafs), Stanley Cup champion (1948)."
11,Noureddine Sammoud,", 90, Tunisian author."
11,David Sassoli,", 65, Italian politician and journalist, member (since 2009) and president (since 2019) of the European Parliament, complications from multiple myeloma."
11,Arna Schram,", 53, Icelandic journalist (, , )."
11,Ernest Shonekan,", 85, Nigerian politician, interim head of state (1993)."
11,Snowfall,", 3, Japanese-bred Irish racehorse, euthanized. (death announced on this date)"
11,Valentina Sorokina,", 85, Russian politician, member of the Supreme Soviet of the Soviet Union (1971–1975)."
11,Don Sutherin,", 85, American Hall of Fame football player (Hamilton Tiger-Cats, Ottawa Rough Riders, Pittsburgh Steelers) and coach."
11,Charles V. Willie,", 94, American sociologist."
11,Jules Wright,", 88, American politician, member of the Alaska House of Representatives (1967–1969)."
12,Christopher Alao-Akala,", 71, Nigerian politician, governor of Oyo State (2006, 2007–2011)."
12,Luis Castañeda,", 76, Peruvian politician and lawyer, mayor of Lima (2003–2010, 2015–2018), cardiopulmonary arrest."
12,CPO Boss Hogg,", 58, American rapper."
12,Marie-José Denys,", 71, French politician, MEP (1989–1994, 1997–1999)."
12,Jan Einar Greve,", 88, Norwegian lawyer."
12,Colin Harburn,", 83, Australian cricketer (Western Australia)."
12,William Hogan,", 84, Canadian politician, Newfoundland and Labrador MHA (1989–1993)."
12,Marc Janson,", 91, Belgian-born French painter."
12,Willem Jewett,", 58, American politician, member of the Vermont House of Representatives (2003–2017), assisted suicide."
12,Serge Koster,", 81, French writer and academic."
12,Stjepan Lamza,", 81, Croatian footballer (Dinamo Zagreb, Châteauroux, Yugoslavia national team)."
12,Everett Lee,", 105, American violinist and conductor."
12,Frank Moe,", 56, American politician, member of the Minnesota House of Representatives (2005–2008), brain cancer."
12,Chu Okongwu,", 87, Nigerian economist and politician, minister of finance (1986–1990)."
12,Iraj Pezeshkzad,", 94, Iranian writer ()."
12,Waiphot Phetsuphan,", 79, Thai luk thung singer."
12,Didier Poidyaliwane,", 55, New Caledonian politician and pro-independence activist."
12,Richard W. Sabers,", 83, American jurist, justice of the South Dakota Supreme Court (1986–2008)."
12,Stephen H. Sachs,", 87, American politician, attorney general of Maryland (1979–1987)."
12,Meier Schwarz,", 95, German-born Israeli plant physiologist."
12,Shebby Singh,", 61, Malaysian footballer (Johor, Kuala Lumpur, national team), heart attack."
12,Adi Andojo Soetjipto,", 89, Indonesian jurist and lecturer."
12,Ronnie Spector,", 78, American Hall of Fame singer (The Ronettes), cancer."
12,Sun Bigan,", 80, Chinese diplomat, ambassador to Saudi Arabia (1990–1994), Iraq (1994–1998), Iran (1999–2002)."
12,Taffy Thomas,", 76, Welsh jockey."
12,Ahmed Touili,", 79, Tunisian academic."
12,Aminata Touré,", 69, Guinean politician, mayor of Kaloum (since 2018)."
12,Eduard Vaytsyakhovich,", 61, Belarusian politician, deputy (1996)."
12,Geoff Wilson,", 82, Australian footballer (Hawthorn)."
12,George O. Wood,", 80, American Pentecostal minister, general superintendent of the Assemblies of God USA (2007–2017), cancer."
12,J. Robert Wright,", 85, American Episcopalian priest and church historian, complications from COVID-19."
12,Joseph Zangerle,", 72, Luxembourgish footballer (Union Luxembourg, national team)."
13,Joe Babich,", 81, New Zealand winemaker."
13,Jean-Jacques Beineix,", 75, French film director (, , ), leukaemia."
13,Mario Cámpora,", 91, Argentine diplomat, ambassador to the United Kingdom (1990–1994) and Belgium (1995–1999)."
13,Rick Cook,", 77, American author."
13,L. Adrienne Cupples,", 77, American epidemiologist and biostatistician, cancer."
13,Werner Delmes,", 91, German field hockey player, Olympic bronze medalist (1956)."
13,Israel S. Dresner,", 92, American Reform rabbi and civil rights activist, colon cancer."
13,Jim Forest,", 80, American writer and lay theologian."
13,Larry Forgy,", 82, American politician."
13,Arturo Frei Bolívar,", 82, Chilean politician, deputy (1969–1973) and senator (1990–1998)."
13,Lisa Goddard,", 55, American climate scientist, breast cancer."
13,Donald Gurnett,", 81, American space physicist."
13,John Hempel,", 86, American mathematician."
13,Kalamandalam Kuttan Asan,", 84, Indian Kathakali artist."
13,Ashling Murphy,", 23, Irish music teacher and traditional music performer, strangled."
13,Cholly Naranjo,", 87, Cuban baseball player (Pittsburgh Pirates), complications from COVID-19."
13,Darby Nelson,", 81, American politician and environmentalist."
13,Troy Pickard,", 48, Australian politician, president of the Australian Local Government Association (2014–2016), mayor of Joondalup (2006–2017)."
13,Wajeeh Qassim,", 83, Palestinian politician and diplomat, ambassador to Morocco (1988–2005)."
13,S. Ramesan,", 69, Indian poet, orator and literary activist."
13,Chiara Samugheo,", 86, Italian photographer."
13,Rudolf Schwemmbauer,", 78, German politician."
13,Junior Siavii,", 43, American football player (Kansas City Chiefs, Dallas Cowboys, Seattle Seahawks)."
13,Abdul Sajid Tamrin,", 69, Indonesian politician, mayor of Baubau (since 2013)."
13,Lambert Amon Tanoh,", 95, Ivorian politician, minister of education (1963–1970), COVID-19."
13,Terry Teachout,", 65, American playwright and critic ()."
13,Len Tillem,", 77, American attorney and radio broadcaster (KVON, KSRO, KGO)."
13,Claire Tomlinson,", 77, British polo player and coach."
13,Sonny Turner,", 83, American singer (The Platters), throat cancer."
13,Fred Van Hove,", 84, Belgian jazz musician."
13,Giacomo Vianello,", 74, Italian footballer (Como)."
13,Raúl Vilches,", 67, Cuban volleyball player, Olympic bronze medallist (1976), cancer."
13,Caroline Wickham-Jones,", 66, British archaeologist, amyloidosis."
13,Lynn Yeakel,", 80, American politician and academic administrator."
13,Farrukh Zeynalov,", 79, Azerbaijani politician, deputy (2005–2010)."
14,H. P. S. Ahluwalia,", 85, Indian mountaineer."
14,J. Alexander,", 83, Indian civil servant and politician, Karnataka MLA (1999–2004), heart attack."
14,Ann Arensberg,", 84, American book publishing editor and author, COVID-19."
14,Flo Ayres,", 98, American radio actress."
14,Ricardo Bofill,", 82, Spanish architect, founder of Ricardo Bofill Taller de Arquitectura, COVID-19."
14,Boris Brozhovsky,", 86, Russian cinematographer (, , )."
14,"Tom Clark, a.k.a. Thomas F. Clark",", 93, American sculptor of gnomes"
14,Maria Aurora Couto,", 84, Indian writer and educationalist."
14,Leonid Derkach,", 82, Ukrainian politician, head of the security service (1998–2001)."
14,Jim Fahy,", 75, Irish journalist (RTÉ News and Current Affairs)."
14,Dallas Frazier,", 82, American country musician and songwriter (""There Goes My Everything"", ""All I Have to Offer You (Is Me)"", ""Elvira"")."
14,Angelo Gilardino,", 80, Italian composer, guitarist and musicologist."
14,Ron Goulart,", 89, American author and comics historian."
14,Alice von Hildebrand,", 98, Belgian-born American philosopher and theologian."
14,Thiago de Mello,", 95, Brazilian poet and translator."
14,Lol Morgan,", 90, English footballer (Rotherham United, Darlington) and manager (Norwich City)."
14,Sean Rice,", 49, Canadian figure skater."
14,Edward Roberts,", 81, Canadian politician, Newfoundland and Labrador MHA (1966–1985, 1992–1996) and lieutenant governor (2002–2006)."
14,Maoi Roca,", 47, Filipino basketball player (Batangas Blades) and actor, complications from diabetes."
14,Angelo Rossetto,", 75, Italian Olympic rower (1972)."
14,"John Sainsbury, Baron Sainsbury of Preston Candover",", 94, British businessman and politician, chairman of Sainsbury's (1969–1992) and member of the House of Lords (since 1989)."
14,Malladi Chandrasekhara Sastry,", 96, Indian Vedic scholar."
14,Paolo Schiavocampo,", 97, Italian painter and sculptor."
14,Peter Seabrook,", 86, British gardening writer and television broadcaster, heart attack."
14,Bill Seward,", 63, American broadcaster, cancer."
14,Jaswant Singh,", 90, Indian field hockey player, Olympic silver medallist (1960)."
14,Carol Speed,", 76, American actress (, , )."
14,Anastasia Voznesenskaya,", 78, Russian actress (, , ), COVID-19."
14,Kameshwar C. Wali,", 94, Indian-born American physicist."
14,Dave Wolverton,", 64, American writer (), fall."
14,Yuri Zhuravlyov,", 87, Russian mathematician."
15,Slim Andrews,", 90, American country musician, cancer."
15,Rink Babka,", 85, American discus thrower, Olympic silver medallist (1960)."
15,Amit Bhardwaj,", 38, Indian businessman and convicted fraudster, cardiac arrest."
15,Marlon Bundo,", 8–9, American rabbit and book subject (, )."
15,Ebrahim Buzhu,", 52, Dutch drug trafficker, shot."
15,Nino Cerruti,", 91, Italian stylist, founder of Cerruti 1881, complications from hip surgery."
15,Ed Cheff,", 78, American college baseball coach (Lewis–Clark State College)."
15,Claire D. Clarke,", American politician, member of the New Hampshire House of Representatives (2001–2011)."
15,Dan Einstein,", 61, American record producer, Grammy winner (1987, 1988)."
15,Ralph Emery,", 88, American Hall of Fame disc jockey and television host."
15,Michelle Go,", 40, American financial advisor, struck by train."
15,Michelle Grangaud,", 80, Algerian-born French poet."
15,Joe B. Hall,", 93, American Hall of Fame basketball coach (Kentucky Wildcats)."
15,Paul Hinshelwood,", 65, English footballer (Crystal Palace). (death announced on this date)"
15,Bernard Ryosuke Inagaki,", 93, Japanese philosopher and scholar, stomach cancer."
15,Michael Jackson,", 87, British-American Hall of Fame talk radio host (KABC, KGIL), complications from Parkinson's disease."
15,Stephen Kovacs,", 50, American saber fencer and coach."
15,Jon Lind,", 73, American songwriter (""Save the Best for Last"", ""Crazy for You"") and musician, cancer."
15,Jean-Claude Lord,", 78, Canadian film director (, , ) and screenwriter, stroke."
15,Aurora del Mar,", 87, Argentine actress (, , )."
15,Robert E. McCarthy,", 82, American politician, member of the Massachusetts House of Representatives (1971–1975) and Senate (1975–1981)."
15,Alexa McDonough,", 77, Canadian politician, Nova Scotia MLA (1981–1995) and MP (1997–2003), complications from Alzheimer's disease."
15,John McIndoe,", 87, British Church of Scotland minister, moderator of the General Assembly (1996–1997)."
15,Félix Ormazabal,", 81, Spanish politician, member of the Basque parliament (1980, 1984–1995)."
15,Scot Palmer,", 84, Australian sports journalist."
15,Robert Péri,", 80, French footballer (Bordeaux, FC Metz, Toulon)."
15,Quarto Pianesi,", 81, Italian Olympic field hockey player (1960), COVID-19."
15,Beverly Ross,", 87, American musician (Ronald & Ruby) and songwriter (""Lollipop"", ""The Girl of My Best Friend""), dementia."
15,Ramazan Rragami,", 77, Albanian football player (Vllaznia Shkodër, Partizani Tirana, national team) and manager."
15,Michel Ruhl,", 87, French actor (, )."
15,María Cristina Sangri Aguilar,", 81, Mexican politician, deputy (1985–1991)."
15,Steve Schapiro,", 87, American photojournalist, pancreatic cancer."
15,David Schumacher,", 90, Australian Olympic wrestler (1956)."
15,Nazim Hussain Siddiqui,", 81, Pakistani politician and lawyer, Chief Justice (2003–2005)."
15,Tong Wai Ki,", 82, Hong Kong politician, member of the People's PCC (2008–2013)."
15,Hossein Valamanesh,", 72, Iranian-Australian artist, heart attack."
15,Andrew P. Vayda,", 90, Hungarian-born American anthropologist."
15,Reidar Webster,", 87, Norwegian civil servant, state conciliator (1988–2004)."
16,Ibrahim Ashk,", 70, Indian poet and lyricist, complications from COVID-19."
16,Jaco Azafrani,", 89, Spanish football player (UD España, Rayo Vallecano) and manager (San Fernando)."
16,Tova Berlinski,", 106, Polish-born Israeli painter."
16,Ethan Blackaby,", 81, American baseball player (Milwaukee Braves)."
16,Morton J. Blumenthal,", 90, American politician, member of the Connecticut House of Representatives (1971–1975)."
16,Michael Brecher,", 96, Canadian political scientist."
16,Rocco J. Carzo,", 89, American football (Tufts) and lacrosse coach (Delaware)."
16,William Cochran,", 78, American opera singer."
16,Carmela Corren,", 83, Israeli singer (""Vielleicht geschieht ein Wunder"") and actress (, )."
16,William Daley,", 96, American ceramist and academic."
16,Brian DeLunas,", 46, American baseball coach (Seattle Mariners, Missouri Tigers), kidney disease."
16,Rod Driver,", 89, British-born American mathematician and politician, member of the Rhode Island House of Representatives (1987–1995, 2009–2011)."
16,Bas Edixhoven,", 59, Dutch mathematician and academic."
16,Sten Elliot,", 96, Swedish Olympic sailor (1960)."
16,Alekos Fassianos,", 86, Greek painter."
16,Richard J. Ferris,", 85, American business executive (United Airlines Limited), complications from amyotrophic lateral sclerosis."
16,Kevin Flynn,", 82, Irish rugby union player (Wanderers, national team)."
16,Françoise Forton,", 64, Brazilian actress (, )."
16,Bob Gajda,", 81, American bodybuilder."
16,John Rice Irwin,", 91, American cultural historian, founder of the Museum of Appalachia."
16,Ibrahim Boubacar Keïta,", 76, Malian politician, president (2013–2020), prime minister (1994–2000) and president of the National Assembly (2002–2007)."
16,Tafazzal Hossain Khan,", 101, Bangladeshi jurist and politician, MP (1979–1982), pneumonia."
16,Birju Maharaj,", 83, Indian Kathak dancer, heart attack."
16,Charles McGee,", 102, American fighter pilot (Tuskegee Airmen)."
16,Shaoli Mitra,", 74, Indian playwright and actress ()."
16,Lucienne Moreau,", 88, French actress."
16,Andrei Mudrea,", 67, Moldovan painter and plastic artist."
16,"Paul Myners, Baron Myners",", 73, British politician, member of the House of Lords (since 2008)."
16,Georges Pelletier,", 82, Canadian doctor."
16,Alleppey Ranganath,", 72, Indian composer (, ), film director and screenwriter (), COVID-19."
16,Jill Robb,", 87, English-born Australian film producer and executive."
16,Shizuo Satō,", 90, Japanese politician, councillor (1992–1998), heart attack."
16,Jeremy Sivits,", 42, American army reservist and convicted war criminal, COVID-19."
16,Jamie Vincent,", 46, English footballer (Bournemouth, Portsmouth, Swindon Town), heart attack."
16,Gale Wade,", 92, American baseball player (Chicago Cubs)."
16,Rabia Zuberi,", 81, Pakistani sculptor, founder of the Karachi School of Art."
17,Carlos Mario Álvarez,", 54, Colombian politician, mayor of Armenia (2016–2018)."
17,Oliver Braddick,", 77, British developmental psychologist."
17,Jonathan Brown,", 82, American art historian."
17,Juan Caviglia,", 92, Argentine Olympic gymnast (1952, 1960)."
17,Jackie Fisher,", 96, English footballer (Millwall, Bournemouth)."
17,Armando Gama,", 67, Portuguese singer-songwriter (""Esta balada que te dou"")."
17,Edward Irons,", 98, American economist, heart disease."
17,Bill Jackson,", 86, American television personality ( ), complications from COVID-19."
17,Dean Jaensch,", 85, Australian political scientist."
17,Michel Konen,", 70, Belgian journalist."
17,Björn Natthiko Lindeblad,", 60, Swedish economist and Buddhist monk, assisted suicide."
17,Benoît Lwamba,", 76, Congolese magistrate, president of the Court of Cassation (2015–2020)."
17,Gilbert S. Merritt Jr.,", 86, American jurist, judge (since 1977) and chief judge (1989–1996) of the U.S. Court of Appeals for the Sixth Circuit."
17,Joseph M. Minard,", 90, American politician, member of the West Virginia Senate (1990–1994, 1998–2013)."
17,Rasheed Naz,", 73, Pakistani actor (, , )."
17,Stan Neilly,", 79, Australian politician, NSW MLA (1981–1988, 1991–1999)."
17,Merrill Newman,", 93, American army officer."
17,Keiji Nishikawa,", 60, Japanese shogi player."
17,Patricia Kenworthy Nuckols,", 100, American Hall of Fame field hockey player (national team) and WASP pilot."
17,Karim Ouellet,", 37, Senegalese-born Canadian singer-songwriter."
17,M. K. Prasad,", 89, Indian environmentalist, COVID-19."
17,Balram Singh Rai,", 100, Guyanese politician, minister of home affairs (1961–1962). (death announced on this date)"
17,Roger Samuels,", 61, American baseball player (Pittsburgh Pirates, San Francisco Giants), cancer."
17,Mihir Sengupta,", 75, Indian writer."
17,Raima Islam Shimu,", Bangladeshi actress. (body discovered on this date)"
17,Michel Subor,", 86, French actor (, , ), traffic collision."
17,Ronald G. Tompkins,", 70, American physician and academic."
17,Jennifer Toye,", 88, British opera singer."
17,Hale Trotter,", 90, Canadian-American mathematician."
17,Va'ai Papu Vailupe,", 77, Samoan politician, MP (1991–2001, 2006–2011) and minister of justice (1996–1998)."
17,Neela Wickramasinghe,", 71, Sri Lankan singer, heart attack."
18,Lorenzo Alocén,", 84, Spanish Olympic basketball player (1968)."
18,Hilario Candela,", 87, Cuban-born American architect, COVID-19."
18,Sir David Cox,", 97, British statistician (Cox process, )."
18,Narayan Debnath,", 96, Indian cartoonist (, , )."
18,Guillaume Domingue,", 36, Mauritian radio broadcaster."
18,Fanita English,", 105, Romanian-born American psychoanalyst."
18,Burton M. Fine,", 89, American politician, member of the New York State Assembly (1961–1965)."
18,Dave Finney,", 88, American politician, member of the Texas House of Representatives (1962–1977)."
18,Ron Franklin,", 79, American sportscaster (ESPN)."
18,Francisco Gento,", 88, Spanish football player (Real Madrid, national team) and manager (Granada)."
18,Dick Halligan,", 78, American musician (Blood, Sweat & Tears) and film composer (Grammy, 1970),  winner ()."
18,Lusia Harris,", 66, American Hall of Fame basketball player (Delta State Lady Statesmen, Houston Angels), Olympic silver medalist (1976)."
18,Paavo Heininen,", 84, Finnish composer and pianist."
18,Michelangelo La Neve,", 62, Italian comics writer (, ) and screenwriter ()."
18,Jean Laborde,", 99, French resistant and politician, deputy (1977–1995)."
18,Ankica Lepej,", 73–74, Croatian whistleblower, COVID-19."
18,Tito Matos,", 53, Puerto Rican requinto player, heart attack."
18,Paddy Mendis,", 88, Sri Lankan aviator, commander of the air force (1971–1976)."
18,Jordan Michallet,", 29, French rugby union player (FC Grenoble, CS Bourgoin-Jallieu, Rouen Normandie Rugby), suicide by jumping."
18,Alberto Michelotti,", 91, Italian Hall of Fame football referee and player (Fidenza)."
18,Arnold Mickens,", 49, American football player (Indianapolis Colts)."
18,Yvette Mimieux,", 80, American actress (, , )."
18,Anatoliy Novikov,", 75, Ukrainian judoka, Olympic bronze medalist (1972)."
18,Arvid Nyberg,", 93, Norwegian politician, mayor of Trysil (1972–1999)."
18,Jan Økern,", 69, Norwegian business executive."
18,David L. Paul,", 82, American banker (CenTrust Bank), real estate developer and convicted fraudster, complications from COVID-19."
18,Don Pepot,", 88, Filipino comedian, actor (, , ) and radio host, COVID-19."
18,Donald Philbrick,", 87, American politician, member of the New Hampshire House of Representatives (1993–2007)."
18,Elio Pietrini,", 83, Argentine-Venezuelan actor (, , ), COVID-19."
18,Manoel Henriques Ribeiro,", 76, Brazilian politician, mayor of Manaus (1986–1988)."
18,Peter Robbins,", 65, American actor (, , ), suicide."
18,Badal Roy,", 82, Indian tabla player, percussionist and recording artist, COVID-19."
18,Vic Roznovsky,", 83, American baseball player (Chicago Cubs, Baltimore Orioles, Philadelphia Phillies)."
18,Eliezer Schweid,", 92, Israeli philosopher."
18,Stepan Shalaev,", 93, Russian politician, chairman of the All-Union Central Council of Trade Unions (1982–1990)."
18,Shi Jiuyong,", 95, Chinese jurist, judge (1994–2010) and president (2003–2006) of the International Court of Justice."
18,Jan Smith,", 76, American Olympic speed skater (1964), complications from a stroke."
18,André Leon Talley,", 73, American fashion journalist (), complications from a heart attack and COVID-19."
18,Eloy Tato Losada,", 98, Spanish-born Colombian Roman Catholic prelate, bishop of Magangué (1969–1994)."
19,Tommy Angell,", 97, American Olympic fencer (1964)."
19,Yevgeny Aryeh,", 74, Israeli theater director, playwright, and set designer."
19,Bill Beeny,", 95, American Baptist minister."
19,Sonya Biddle,", 64, Canadian actress (, , ) and politician."
19,Antonio Borrometi,", 68, Italian politician, deputy (1996–2001)."
19,Leland Byrd,", 94, American basketball player, coach and athletics administrator (Western Michigan Broncos, West Virginia Mountaineers)."
19,Hans-Jürgen Dörner,", 70, German football player (Dynamo Dresden, East Germany national team) and manager (Werder Bremen), Olympic champion (1976)."
19,Dan Dworsky,", 94, American architect and football player (Michigan Wolverines)."
19,Nils Arne Eggen,", 80, Norwegian football player (Vålerenga, national team) and manager (Rosenborg)."
19,Elmar Fischer,", 85, Austrian Roman Catholic prelate, bishop of Feldkirch (2005–2011), COVID-19."
19,Kirsten Fründt,", 54, German politician."
19,Antonina Girycz,", 82, Polish actress (, , )."
19,Bob Goalby,", 92, American golfer, Masters winner (1968)."
19,Stanisław Grędziński,", 76, Polish Olympic sprinter (1968), European champion (1966)."
19,Qazi Anwar Hussain,", 85, Bangladeshi writer ()."
19,Kenneth Norman Jones,", 97, Australian public servant."
19,Michael Jones,", 79, Canadian new-age pianist and composer."
19,Haig H. Kazazian Jr.,", 84, American geneticist, heart failure."
19,Fraser Kelly,", 87, Canadian journalist and broadcaster."
19,Hardy Krüger,", 93, German actor (, , ) and author."
19,Richard Liversedge,", 81, British Olympic luger (1968, 1972, 1976)."
19,Anatoly Malofeyev,", 88, Belarusian politician, speaker of the House of Representatives (1997–2002) and member of the Politburo (1990–1991)."
19,Gloria McMillan,", 88, American actress ()."
19,Tom Mount,", 82, American diver."
19,Aleksandr Nazarenko,", 74, Russian historian, COVID-19."
19,Pan Ziqiang,", 85, Chinese engineer, member of the Chinese Academy of Engineering."
19,Marcus Reichert,", 73, American painter, photographer, and film director."
19,Nigel Rogers,", 86, English tenor."
19,Rafael Rojas,", 59, Mexican operatic tenor."
19,Mohan Prasad Sharma,", 87, Nepalese jurist, chief justice of the Supreme Court (1998–1999)."
19,Lyman F. Sheats Jr.,", 55, American pinball designer, suicide."
19,Billy Taylor,", 69, British Olympic boxer (1972)."
19,Gaspard Ulliel,", 37, French actor (César, 2017, ),  winner (), skiing accident."
19,Jamye Coleman Williams,", 103, American activist."
20,Sir Martin Berthoud,", 90, British diplomat, high commissioner to Trinidad and Tobago (1985–1991)."
20,Heidi Biebl,", 80, German alpine skier, Olympic champion (1960)."
20,Bobs Worth,", 16, Irish racehorse."
20,Gernot Böhme,", 85, German philosopher and author."
20,Randy Boyd,", 59, Canadian ice hockey player (Pittsburgh Penguins, New York Islanders, Vancouver Canucks)."
20,David Bramwell,", 79, British botanist."
20,Bernardo Caraballo,", 87, Colombian boxer, heart disease."
20,Athan Catjakis,", 90, American politician, member of the Massachusetts House of Representatives (1985–1993)."
20,José Augusto Curvo,", 72, Brazilian politician, deputy (1991–1995, 2016), complications from COVID-19."
20,Frank Dutton,", 72, South African police officer."
20,Eduardo Flores,", 77, Argentine footballer (Estudiantes), cancer."
20,Carla Galle,", 73, Belgian Olympic swimmer (1968)."
20,Ron Grey,", 91, Australian senior army officer and Commissioner of the Federal Police (1983–1988)."
20,Gary W. Johnston,", 57, American major general."
20,Benjamin Kogo,", 77, Kenyan steeplechase runner, Olympic silver medalist (1968), prostate cancer."
20,Hattie Ladbury,", 47, British actress (), cancer."
20,Sergio Lepri,", 102, Italian journalist, director of ANSA (1961–1990)."
20,Emil Mangelsdorff,", 96, German jazz musician."
20,Meat Loaf,", 74, American singer (""Two Out of Three Ain't Bad"", ""I'd Do Anything for Love"") and actor (), complications from COVID-19."
20,Juro Mětšk,", 67, German composer."
20,Camillo Milli,", 92, Italian actor (, , ), complications from COVID-19."
20,Domingo Miras,", 87, Spanish dramatist."
20,Klaus Peter Möller,", 84, German politician, member (1977–2003) and president (1988–1991, 1995–2003) of the Landtag of Hesse."
20,Hideo Onchi,", 88, Japanese film director (), lung cancer."
20,Popcorn Deelites,", 23, American racehorse and animal actor (), colic."
20,René Robert,", 85, Swiss-born French photographer, hypothermia."
20,Clyde Sanger,", 93, British-Canadian journalist and author."
20,Egon Schübeler,", 94, German politician, member of the Landtag of Schleswig-Holstein (1967–1987)."
20,Elza Soares,", 91, Brazilian singer."
20,Earl Swensson,", 91, American architect (AT&T Building, Gaylord Opryland Resort & Convention Center)."
20,Donald Serrell Thomas,", 87, British crime fiction writer."
20,Karolos Trikolidis,", 74, Austrian conductor."
20,Sam Wetzel,", 91, American lieutenant general."
20,Kostiantyn Yastrub,", 86, Ukrainian politician, chairman of the Cherkasy Oblast Council (1991–1992)."
20,Irwin Young,", 94, American film stock businessman."
21,Louie Anderson,", 68, American comedian, actor (1997, 1998), and game show host (2016), Emmy winner (, , ), large B-cell lymphoma."
21,Rex Cawley,", 81, American hurdler, Olympic champion (1964) and men's 400 meter hurdles world record-holder (1964–1968)."
21,Romualdo Coviello,", 81, Italian politician, senator (1987–2006)."
21,Felicia Donceanu,", 90, Romanian painter, sculptor, and composer."
21,James Forbes,", 69, American basketball player, Olympic silver medalist (1972), complications from COVID-19."
21,Francesco Paolo Fulci,", 90, Italian diplomat, ambassador to the United Nations (1993–1999)."
21,Krzysztof Gawedzki,", 74, Polish-French mathematical physicist."
21,Clark Gillies,", 67, Canadian Hall of Fame ice hockey player (New York Islanders, Buffalo Sabres), four-time Stanley Cup champion."
21,G. William Hamilton,", 88, American politician, member of the Vermont House of Representatives (1973–1975, 1977–1983)."
21,Edwilda Gustava Allen Isaac,", 84, American civil rights activist."
21,Jean Jamin,", 76, French ethnologist and anthropologist."
21,Arnie Kantrowitz,", 81, American LGBT activist and author, complications from COVID-19."
21,Aftab Ahmed Khan,", 81, Indian police officer, founder of the Anti-Terrorism Squad, post-COVID-19 pneumonia."
21,Czesław Krakowski,", 71, Polish politician, senator (1993–1997)."
21,Arlo U. Landolt,", 86, American astronomer."
21,Arnis Līcītis,", 76, Latvian actor (, , )."
21,Adolfo Lugo Verduzco,", 88, Mexican politician, president of PRI (1982–1986), senator (1982–1987) and governor of Hidalgo (1987–1993)."
21,Elsa Malpartida,", 60, Peruvian politician, member of the Andean Parliament (2006–2011)."
21,Marcel Mauron,", 92, Swiss footballer (FC La Chaux-de-Fonds, national team)."
21,Valentin Mazikin,", 76, Russian politician and volleyball administrator (VC Kuzbass Kemerovo)."
21,Fred Moore,", 99, Australian miner and trade unionist."
21,Anatoly Naiman,", 85, Russian poet, translator, and writer."
21,Mace Neufeld,", 93, American film producer (, , )."
21,Tatyana Nikolayeva,", 102, Russian politician."
21,Axel Nikulásson,", 59, Icelandic basketball player (Keflavík, Grindavík, KR) and coach."
21,Leonor Oyarzún,", 102, Chilean family therapist, first lady (1990–1994)."
21,Jean-Luc Parodi,", 84, French political scientist."
21,Robert Phillips,", 83, American poet and academic."
21,Howard Radford,", 91, Welsh footballer (Bristol Rovers)."
21,Petro Sardachuk,", 83, Ukrainian diplomat, ambassador to Slovakia (1993–1994), Poland (1994–1998) and Finland (2001–2003)."
21,Haim Shahal,", 99, Israeli naval engineer."
21,Dennis Smith,", 81, American writer and firefighter, complications from COVID-19."
21,Arthur Tarnow,", 79, American jurist, judge of the U.S. District Court for Eastern Michigan (since 1998), heart disease."
21,Terry Tolkin,", 62, American music journalist and music executive (Elektra Records, Touch and Go Records, No.6 Records)."
21,Mario Trafeli,", 93, American speed skater."
21,Antonino Valletta,", 83, Italian politician, senator (1994–2001)."
21,Billy Waddy,", 67, American football player (Los Angeles Rams, Minnesota Vikings)."
21,Gerald Weiß,", 76, German politician, MP (1998–2009)."
21,Zhang Jie,", 84, Chinese novelist."
22,Emilbek Abakirov,", 92, Kyrgyz politician."
22,Denise Allen,", 68, Australian politician, Victorian MLA (2000–2002), cancer."
22,Judy Banks,", 86, Australian television presenter ()."
22,Hartmut Becker,", 83, German actor (, , )."
22,Subhash Bhowmick,", 71, Indian football player (East Bengal, Mohun Bagan, national team) and manager, kidney disease."
22,Jimmy Campbell,", 84, Irish fiddler."
22,Marc Crousillat,", 62, French Olympic water polo player (1988)."
22,Gianni Di Marzio,", 82, Italian football manager (Napoli, Catania, Catanzaro)."
22,Rasmi Djabrailov,", 89, Russian actor (, , ) and stage director."
22,Pierre Escourrou,", 84, French rugby league player (AS Carcassonne, national team)."
22,Raphaël Esrail,", 96, Turkish-born French resistance member and engineer, cancer."
22,Andrew Ezergailis,", 91, Latvian-born American historian, complications from Parkinson's disease."
22,René Gagnon,", 93, Canadian painter, cancer."
22,Johan Hultin,", 97, Swedish-born American pathologist."
22,Kathryn Kates,", 73, American actress (, , ), lung cancer."
22,Katuutire Kaura,", 80, Namibian politician, MP (1990–2015)."
22,Colm Keane,", 70, Irish journalist (RTÉ Radio 1), cancer."
22,Craig McGregor,", 88, Australian journalist."
22,Ralph Natale,", 86, American mobster (Philadelphia crime family)."
22,Agripino Núñez Collado,", 88, Dominican Roman Catholic clergyman and scholar, rector of the Pontificia Universidad Católica Madre y Maestra (1970–2015)."
22,Phyllis E. Oakley,", 87, American diplomat, assistant secretary of state for population, refugees and migration (1994–1997)."
22,Hugo Ott,", 90, German historian and academic."
22,Bill Owens,", 84, American politician, member of the Massachusetts Senate (1975–1982, 1989–1992), COVID-19."
22,António Lima Pereira,", 69, Portuguese footballer (Porto, Maia, national team)."
22,Tuomo Polvinen,", 90, Finnish historian, chief of the National Archives (1970–1974)."
22,Emerich Roth,", 97, Czechoslovakian-born Swedish Holocaust survivor and writer."
22,Clive Sarstedt,", 78, British pop singer (""My Resistance Is Low"") and musician, heart attack."
22,Patrick Shai,", 65, South African actor (, , ), suicide by hanging."
22,Kirti Shiledar,", 69, Indian classical singer."
22,Sverre Stensheim,", 88, Norwegian Olympic cross-country skier (1960, 1964)."
22,Thích Nhất Hạnh,", 95, Vietnamese Zen Buddhist monk (Plum Village Monastery, ), co-founder of ."
22,Michael Thornhill,", 80, Australian film producer, screenwriter, and director (, , )."
22,Roger Wallis,", 80, British-Swedish journalist and radio presenter."
22,Alon Wieland,", 86, American politician, member of the North Dakota House of Representatives (2003–2014)."
22,Joe Yukica,", 90, American college football player and coach (Boston College Eagles, Dartmouth Big Green, New Hampshire Wildcats)."
23,Beegie Adair,", 84, American jazz pianist."
23,William Álvarez,", 87, Colombian-Spanish tennis player and coach."
23,Kenes Aukhadiev,", 83, Kazakh politician."
23,Edgar S. Cahn,", 86, American law professor and counsel."
23,Renato Cecchetto,", 70, Italian actor (, , ) and voice actor, traffic collision."
23,Marie-Claire Chevalier,", 66, French abortion rights activist."
23,Narciso Debourg,", 96, Venezuelan sculptor."
23,Božidar Đurašević,", 88, Serbian chess player."
23,Maiquel Falcão,", 40, Brazilian mixed martial artist, stabbed."
23,Enzo Fasano,", 70, Italian politician, deputy (2001–2006, since 2018), cancer."
23,Trude Feldman,", 97, American journalist (White House Press Corps, ), member of the ."
23,Antonio Fernández,", 79, Spanish football player and coach (Málaga)."
23,Guo Shuyan,", 86, Chinese politician, governor of Hubei (1990–1993)."
23,Hiroyuki Konishi,", 85, Japanese politician, councilor (1980–1992)."
23,Serge Korber,", 85, French film director (, , ) and screenwriter."
23,Barbara Krafftówna,", 93, Polish actress (, , )."
23,Keto Losaberidze,", 72, Georgian archer, Olympic champion (1980)."
23,Lourdes Maldonado López,", 52, Mexican journalist, shot."
23,Jean-Claude Mézières,", 83, French comic book artist ()."
23,Bruce Miller,", 99, New Zealand soil chemist and scientific administrator."
23,Thierry Mugler,", 73, French fashion designer."
23,Baillieu Myer,", 96, Australian businessman and philanthropist."
23,R. Nagaswamy,", 91, Indian historian, archaeologist and epigraphist."
23,Osea Naiqamu,", 60, Fijian politician, MP (since 2014)."
23,Carlo Parietti,", 71, Italian journalist and trade unionist."
23,Roberto Romulo,", 83, Filipino businessman and diplomat, secretary of foreign affairs (1992–1995)."
23,Guy Saint-Pierre,", 87, Canadian politician and businessman, Quebec MNA (1970–1976)."
23,Larry Salmans,", 84, American politician, member of the Kansas Senate (1997–2005)."
23,Janet Scott,", 57, South African chemist."
23,Alan A. Stone,", 92, American lecturer and psychologist, laryngeal cancer."
23,Armido Torri,", 83, Italian Olympic rower (1960)."
23,Lavrentije Trifunović,", 86, Serbian Orthodox prelate, eparch of Western Europe (1973–1989) and Šabac (since 1989)."
23,Emmanuel Tumusiime-Mutebile,", 72, Ugandan economist and banker, governor of the Bank of Uganda (since 2001), complications from diabetes."
23,Zofia Walasek,", 89, Polish Olympic middle-distance runner (1960)."
23,Glyndwr Williams,", 89, British historian."
23,Rolf Zehetbauer,", 92, German production designer (Oscar, 1973, ),  winner ()."
24,Theresa Amayo,", 88, Brazilian actress (, )."
24,John Arrillaga,", 84, American real estate developer and philanthropist."
24,Aftab Baloch,", 68, Pakistani cricketer (national team)."
24,Tadeusz Bradecki,", 67, Polish actor (, , ) and stage director."
24,Olavo de Carvalho,", 74, Brazilian polemicist and conspiracy theorist, COVID-19."
24,Szilveszter Csollány,", 51, Hungarian gymnast, Olympic champion (2000), COVID-19."
24,Constance Edjeani-Afenu,", Ghanaian military officer."
24,Ron Esau,", 67, American racing driver."
24,"Ronnie Fearn, Baron Fearn",", 90, British politician, MP (1987–1992, 1997–2001), member of the House of Lords (2001–2018)."
24,Greta Ferušić,", 97, Bosnian architect and academic, survivor of Auschwitz and the Siege of Sarajevo."
24,Fatma Girik,", 79, Turkish actress (, , ), complications from COVID-19."
24,Silvia Gmür,", 82, Swiss architect."
24,Tomoo Ishii,", 98, Japanese golfer."
24,Hubertus Kramer,", 62, German politician, member of the Landtag of North Rhine-Westphalia (since 2005)."
24,Miriam Naor,", 74, Israeli jurist, president of the Supreme Court (2015–2017)."
24,Sally Olsen,", 87, American politician, member of the Minnesota House of Representatives (1979–1992)."
24,Stevan K. Pavlowitch,", 88, Serbian-born British historian."
24,Ayberk Pekcan,", 51, Turkish actor (, ), lung cancer."
24,Osvaldo Peredo,", 91, Argentine tango singer."
24,Joaquim Amado Quevedo,", 75, Brazilian politician, mayor of Tatuí (1983–1987, 1993–1996)."
24,Ghulam Noor Rabbani Khar,", 74, Pakistani politician, MNA (2013–2018)."
24,Sheldon Silver,", 77, American politician, member (1977–2015) and speaker (1994–2015) of the New York State Assembly."
24,Arnaud Spire,", 82, French journalist ()."
24,Borislav Stevanović,", 46, Serbian footballer (Radnički Niš, Rad, BASK)."
25,Ekundayo Adeyinka Adeyemi,", 84, Nigerian academic and architect."
25,Judd Bernard,", 94, American film producer (, . )."
25,Hector Borda Leaño,", 94–95, Bolivian politician, anthropologist, and poet, member of the Chamber of Senators (1982–1985)."
25,Wyn Calvin,", 96, Welsh comedian and entertainer."
25,Svetlana Căpățînă,", 52, Moldovan politician, deputy (since 2021), complications from COVID-19."
25,Etchika Choureau,", 92, French actress (, , )."
25,Jean-Claude Corbeil,", 89, Canadian linguist and lexicographer."
25,Barry Cryer,", 86, English comedian () and screenwriter ()."
25,Hardev Dilgir,", 82, Indian lyricist (""Tere Tille Ton""), heart attack."
25,Erwin Eisch,", 94, German artist."
25,Vladimir Gubarev,", 83, Russian writer and journalist."
25,Bill Hodgson,", 77, Canadian curler."
25,Wim Jansen,", 75, Dutch football player (Feyenoord, national team) and manager (Celtic), complications from dementia."
25,Fredrik Johansson,", 47, Swedish heavy metal musician (Dark Tranquillity), cancer."
25,Mirza Khan,", 97, Pakistani Olympic hurdler (1952)."
25,Pat King,", 77–78, Scottish bassist (Manfred Mann's Earth Band)."
25,David Elliot Loye,", 96, American author and psychologist."
25,Donald Mahler,", 88, American ballet dancer, choreographer and stage director."
25,Ramón Martínez,", 73, Venezuelan politician, senator (1998–2000) and governor of Sucre (1992–1998, 2000–2008), COVID-19."
25,David G. Mugar,", 82, American businessman and philanthropist."
25,Joseph T. O'Neill,", 90, American politician, member of the Minnesota House of Representatives (1967–1971) and Senate (1971–1977)."
25,Edna O'Shaughnessy,", 97, South African-born British psychoanalyst."
25,Ozzie,", 60, African-born American western lowland gorilla, oldest male gorilla in captivity."
25,Dojčin Perazić,", 76, Montenegrin footballer (Red Star Belgrade, Vojvodina, FC Den Haag)."
25,Andy Ross,", 65, British music executive."
25,José Ruiz Baos,", 75, Spanish bullfighter, complications from a stroke."
25,Milena Salvini,", 88, Italian-born French Kathakali dancer."
25,Gert Schutte,", 82, Dutch politician, MP (1981–2001)."
25,Richard Stearns,", 94, American sailor, Olympic silver medalist (1964)."
25,Sir Crispin Tickell,", 91, British environmentalist and diplomat, permanent representative to the United Nations (1987–1990), pneumonia."
25,Esteban Edward Torres,", 91, American politician, member of the U.S. House of Representatives (1983–1999)."
25,Mark Tseitlin,", 78, Kyrgyz-born Israeli chess grandmaster."
25,Dolores Wilson,", 93, American baseball player (Peoria Redwings, Chicago Colleens)."
25,Heinz Werner Zimmermann,", 91, German composer."
26,Esther Alzaibar,", 91, Venezuelan ceramic artist."
26,Juan Báez,", 86, Puerto Rican Olympic basketball player (1960, 1964)."
26,David Bannett,", 100, American-Israeli electronics engineer, inventor of the Shabbat elevator."
26,Hamman Bello,", 78, Nigerian customs officer, comptroller-general of the Nigerian Customs Service (2008–2009)."
26,Bud Brown,", 94, American politician, secretary of commerce (1987), member of the U.S. House of Representatives (1965–1983)."
26,Augusto Cicaré,", 84, Argentine inventor, engineer, and aviation designer (Cicaré CK.1), founder of Cicaré."
26,Philippe Contamine,", 89, French historian."
26,Gérald Ducimetière,", 81, Swiss-born French artist."
26,Ludmila Ferber,", 56, Brazilian Christian singer-songwriter and writer."
26,Roland Glowinski,", 84, French-American mathematician."
26,Iván Guzmán de Rojas,", 87, Bolivian artist, mathematician, and scientist."
26,Rosalie Kunoth-Monks,", 85, Australian actress (Aboriginal) and  activist."
26,Narcélio Limaverde,", 90, Brazilian radiologist and politician, member of the Legislative Assembly of Ceará (1987–1990)."
26,Elgen Long,", 94, American aviator."
26,Janet Mead,", 84, Australian Roman Catholic nun and singer (""The Lord's Prayer""), cancer."
26,Jan Michalik,", 73, Polish Olympic wrestler (1968, 1972)."
26,Moses J. Moseley,", 31, American actor (, , )."
26,Ludwig Müller,", 90, German Olympic middle-distance runner (1960)."
26,Thomas M. Neuville,", 71, American politician, member of the Minnesota Senate (1990–2008)."
26,Víctor Paredes Guerra,", 77, Peruvian politician, member (1990–1992), and president (1990–1991) of the Congress of the Republic, COVID-19."
26,Ruy Pérez Tamayo,", 97, Mexican pathologist and immunologist."
26,Julio Radilović,", 93, Croatian comic book artist."
26,Mohamad Jemuri Serjan,", 92, Malaysian jurist, chief judge of Sabah and Sarawak (1991–1994)."
26,Jeremiah Stamler,", 102, American cardiovascular epidemiologist."
26,Ernst Stankovski,", 93, Austrian actor (, , )."
26,Morgan Stevens,", 70, American actor (, , ), heart disease."
26,Tony Urquhart,", 87, Canadian painter."
26,Tim Van Galder,", 77, American football player (St. Louis Cardinals) and broadcaster (KMOV), cancer."
26,Peter Wood,", 70, English cricketer (Nottinghamshire)."
26,Glenn Yates Jr.,", 94, American politician, member of the Virginia House of Delegates (1965–1971)."
27,Alain Bancquart,", 87, French composer."
27,Georg Christoph Biller,", 66, German choral conductor, Thomaskantor (1992–2015)."
27,Bill Borders,", 91, American Olympic wrestler (1952)."
27,Tommy Brennan,", 89, Scottish trade unionist and political activist."
27,Buck's Boy,", 29, American thoroughbred racehorse."
27,Gwinyai Chingoka,", 39, Zimbabwean tennis player, complications from a traffic collision."
27,Gene Clines,", 75, American baseball player (Pittsburgh Pirates, Chicago Cubs, Texas Rangers), World Series champion (1971)."
27,Dai Yongnian,", 92, Chinese engineer, member of the Chinese Academy of Engineering."
27,Antoine Dalla Cieca,", 90, French football player (Racing Club de France Football) and manager (Paris FC)."
27,Andy Devine,", 79, English actor (, ), complications from a fall."
27,Mohammad Ali Farrokhian,", 86, Iranian wrestler."
27,Edwin F. Flowers,", 91, American judge, justice on the Supreme Court of Appeals of West Virginia (1975–1976)."
27,Lady Veronica Gibson,", 85, Scottish arts patron."
27,Gary K. Hart,", 78, American politician, member of the California State Assembly (1974–1982) and Senate (1982–1994)."
27,Pavlo Kuznietsov,", 71, Ukrainian politician, deputy (1998–2002), COVID-19."
27,Martin Leach-Cross Feldman,", 87, American jurist, judge of the U.S. District Court for the Eastern District of Louisiana (since 1983)."
27,Mark Levine,", 83, American jazz musician, author, and educator, pneumonia."
27,Woody Mann,", 69, American guitarist."
27,Nedjeljko Mihanović,", 91, Croatian politician, speaker of the Parliament (1994–1995) and member of the Croatian Academy of Sciences and Arts."
27,Max Moszkowicz,", 95, German-born Dutch lawyer."
27,René de Obaldia,", 103, French playwright and poet, member of the Académie Française."
27,László Palácsik,", 62, Hungarian Olympic biathlete (1984)."
27,María Pellicer,", 72, Spanish politician, deputy (1993–1996), member of the Aragonese Courts (1999–2011) and mayor of Castejón de Sos (2003–2011)."
27,Matthew Reeves,", 44, American murderer, execution by lethal injection."
27,Ri Yong-mu,", 97, North Korean military officer, vice president of the National Defence Commission (since 2007), heart attack."
27,Mick Ryan,", 80, British racehorse trainer."
27,Salih Šehović,", 85, Bosnian footballer (Leotar, Sarajevo, Dinamo Zagreb)."
27,Susan Shaw,", 78, American environmental health scientist, ocean conservationist, and author, founder of the Shaw Institute."
27,Charanjit Singh,", 90, Indian field hockey player, Olympic champion (1964)."
27,Karl Spiehs,", 90, Austrian film producer (, , )."
27,John St. Cyr,", 86, American politician, member of the Massachusetts House of Representatives (1967–1972)."
27,Coulson Tough,", 95, American architect."
27,Diego Verdaguer,", 70, Argentine singer-songwriter, COVID-19."
27,Kenneth Wannberg,", 91, American composer (, , ) and sound editor."
28,Alphabet Soup,", 30, American racehorse, euthanized."
28,George Ayittey,", 76, Ghanaian economist, president of the Free Africa Foundation."
28,Joseph Belmont,", 74, Seychellois politician, vice president (2004–2010)."
28,Sir Erik Bennett,", 93, British Royal Air Force vice-marshal."
28,Garry Knox Bennett,", 87, American woodworker."
28,Richard Christiansen,", 90, American theatre and film critic ()."
28,Richard L. Duchossois,", 100, American Hall of Fame racetrack (Arlington Park, Churchill Downs) and racehorse owner."
28,Paolo Gioli,", 79, Italian film director and photographer."
28,Werner Großmann,", 92, German Stasi general."
28,Lali Gulisashvili,", 66, Georgian poet."
28,John Hare,", 87, British conservationist, author and explorer."
28,Heidemarie Koch,", 78, German Iranologist."
28,Brigitte Kowanz,", 64, Austrian artist."
28,Hans-Peter Lanig,", 86, German alpine skier, Olympic silver medalist (1960)."
28,Guy Laporte,", 69, French rugby union player (SC Graulhet, national team), heart attack."
28,Donald May,", 92, American actor (, , ), laryngeal cancer."
28,Mel Mermelstein,", 95, Czechoslovakian-born American Holocaust survivor, complications from COVID-19."
28,Gilles Mirallès,", 55, French chess player."
28,Abang Muhammad Salahuddin,", 100, Malaysian politician, governor of Sarawak (1977–1981, 2001–2014)."
28,Harry Steele,", 92, Canadian businessman."
28,Wayne Stenehjem,", 68, American politician, member of the North Dakota House of Representatives (1976–1979) and Senate (1980–2000), and attorney general (since 2000)."
28,Elis Svärd,", 25, Swedish golfer."
28,John Tuttle,", 70, American politician, member of the Maine Senate (1984–1988, 2012–2014) and four-time member of the House of Representatives."
28,Vladimir Virchis,", 48, Ukrainian boxer, suicide by hanging."
29,Suresh Bansal,", 78, Indian politician, Uttar Pradesh MLA (2012–2017), COVID-19."
29,Tony Barrand,", 76, British-born American folk singer and academic."
29,Marie-Françoise Baslez,", 75, French historian and academic."
29,Jean-Paul Bordeleau,", 78, Canadian politician, Quebec MNA (1976–1985)."
29,Rashid Byramji,", 88, Indian horse trainer."
29,Barbara A. Curran,", 81, American politician and judge, member of the New Jersey General Assembly (1974–1980), judge of the New Jersey Superior Court (1992–2000)."
29,Des Drummond,", 63, British rugby league player (Leigh, Warrington, national team)."
29,Marty Engel,", 90, American Olympic hammer thrower (1952)."
29,Leonard Fenton,", 95, English actor ()."
29,David Gordon,", 85, American dancer and choreographer."
29,David Green,", 61, Nicaraguan baseball player (St. Louis Cardinals, San Francisco Giants), respiratory failure."
29,Rainer Hannig,", 69, German Egyptologist."
29,Howard Hesseman,", 81, American actor (, , ), complications from colon surgery."
29,Jo Kendall,", 81, British actress (), comedian () and writer."
29,Rudi Kopp,", 95, German Olympic cross-country skier (1952, 1956)."
29,Sam Lay,", 86, American Hall of Fame drummer (Little Walter, Muddy Waters, Paul Butterfield Blues Band)."
29,Simon Lokodo,", 64, Ugandan politician."
29,Michelle Marquais,", 95, French actress (, )."
29,Ralph Mellanby,", 87, Canadian sportscaster and television producer ()."
29,Mary Ryan Munisteri,", 83, American soap writer (, , )."
29,Bernard Quilfen,", 72, French road racing cyclist."
29,Hermenegildo Ramírez Sánchez,", 92, Mexican Roman Catholic prelate, territorial prelate of Huautla (1975–2005), COVID-19."
29,Danny Ranes,", 78, American serial killer."
29,Gerd Schädlich,", 69, German football manager (Chemnitzer FC, Erzgebirge Aue, FSV Zwickau)."
29,Les Shapiro,", 65, American sports broadcaster (CBS Sports, ESPN), lung cancer."
29,Brijraj Singh,", 87, Indian politician, MP (1962–1977), cardiac arrest."
29,Iqbal Singh,", 95, Indian spiritual leader, founder of Eternal University and Akal University."
29,John K. Singlaub,", 100, American military officer, co-founder of Western Goals Foundation."
29,Pete Smith,", 63, New Zealand actor (, , ), kidney disease."
29,Michael Spafford,", 86, American artist, lung cancer."
29,Victor Sulin,", 79, American politician, member of the Maryland House of Delegates (1991–1995)."
29,Freddy Thielemans,", 77, Belgian politician, mayor of Brussels (1994–1995, 2001–2013)."
29,Kohei Yoshiyuki,", 76, Japanese photographer."
30,Frans Aerenhouts,", 84, Belgian road racing cyclist."
30,Francis Apesteguy,", 69, French photographer."
30,Jon Appleton,", 83, American composer and educator."
30,Geoffrey Ashe,", 98, British cultural historian and author."
30,Michael Beahan,", 85, British-born Australian politician, member (1987–1996) and president of the Australian Senate (1995–1996)."
30,Maya Buzinova,", 92, Russian animator (, , )."
30,Graham Campbell,", 85, Australian football player (Fitzroy) and coach (West Perth, Glenelg)."
30,Art Cooley,", 87, American naturalist and environmental activist, co-founder of the Environmental Defense Fund."
30,Roberto Digón,", 86, Argentine politician and sports executive (Boca Juniors), deputy (1985–1989, 1993–1997), COVID-19."
30,Alphonse Douati,", 67, Ivorian politician."
30,Piero Gamba,", 85, Italian orchestral conductor and pianist."
30,Terry Garrity,", 82, American author ()."
30,Graciela Gutiérrez Marx,", 79, Argentine artist."
30,Jeffrey A. Hutchings,", 63, Canadian fisheries scientist."
30,Jeff Innis,", 59, American baseball player (New York Mets), cancer."
30,Yale Kamisar,", 92, American legal scholar and author."
30,Cheslie Kryst,", 30, American television presenter (Miss USA 2019) and beauty queen (), suicide by jumping."
30,Leonid Kuravlyov,", 85, Russian actor (, , ), pneumonia."
30,Barry Lane,", 89, British Army officer, complications from Parkinson's disease."
30,Santiago Manguán,", 80, Spanish Olympic long-distance runner (1976)."
30,Viktor Merezhko,", 84, Russian screenwriter (, , ), complications from COVID-19."
30,William Mordeno,", 74, Filipino sprinter, complications of COVID-19."
30,S. K. Paramasivan,", 102, Indian politician, MP (1962–1967)."
30,Philip Paul,", 96, American studio drummer, COVID-19."
30,Hermann Rappe,", 92, German politician and trade unionist, member of the Bundestag (1972–1998), chairman of IG CPK (1982–1995) and president of ICEF (1988–1995)."
30,"Hargus ""Pig"" Robbins",", 84, American Hall of Fame country pianist."
30,Jawdat Said,", 90, Syrian Islamic scholar."
30,Zvonimir Šeparović,", 93, Croatian jurist and politician, minister of foreign affairs (1991–1992) and justice (1999–2000)."
30,Sally Snodgrass,", 85, American politician, member of the Idaho Senate (1991–1993)."
30,Abdul Rahman Sulaiman,", 75, Malaysian politician and journalist, MP (1995–1999), chairman of Bernama (2010–2016)."
30,F. Ann Walker,", American chemist."
30,Robert Wall,", 82, American martial artist and actor (, , )."
30,Norma Waterson,", 82, English musician (The Watersons), pneumonia."
30,Zhu Zhaoliang,", 89, Chinese agronomist and politician, member of the Chinese Academy of Sciences."
31,Alejandro Alonso,", 69, Mexican singer and guitarist, cardiac arrest."
31,Miquel Aubà i Fleix,", 56, Spanish politician, mayor of Gandesa (1999–2011) and senator (since 2015)."
31,Ekkehardt Belle,", 67, German actor ()."
31,Pierre Bellon,", 92, French businessman, founder of Sodexo."
31,James Bidgood,", 88, American filmmaker, photographer, and visual and performance artist, complications from COVID-19."
31,Sir Richard Buckley,", 94, British courtier and naval officer."
31,Dora Cadavid,", 84, Colombian actress (, )."
31,Carleton Carpenter,", 95, American actor (, , )."
31,Onésimo Cepeda Silva,", 84, Mexican Roman Catholic prelate, bishop of Ecatepec (1995–2012), COVID-19."
31,Tatiana Farnese,", 97, Italian actress (, )."
31,Delma Furniss,", 87, American politician, member of the Mississippi House of Representatives (1984–1993) and Senate (1993–2004)."
31,E. William Henry,", 92, American lawyer, chair of the Federal Communications Commission (1963–1966)."
31,Jimmy Johnson,", 93, American blues guitarist and singer."
31,Jiří Kyncl,", 59, Czech Olympic speed skater (1988, 1992)."
31,Liao Cheng-hao,", 75, Taiwanese politician, minister of justice (1996–1998)."
31,Mohamed Abdul Salam Mahgoub,", 86, Egyptian politician, governor of Alexandria (1997–2006) and Ismailia Governorate (1994–1997)."
31,Henry J. Muller,", 104, American Army brigadier general."
31,Voldemaras Novickis,", 65, Lithuanian handball player (Granitas Kaunas, Soviet Union national team), Olympic champion (1988), cancer."
31,Mike Nykoluk,", 87, Canadian ice hockey player and coach (Toronto Maple Leafs, Hershey Bears)."
31,Thomas A. Pankok,", 90, American politician, member of the New Jersey General Assembly (1982–1986)."
31,Vicharnnoi Porntawee,", 74, Thai Muay Thai kickboxer, renal failure."
31,Radko Pytlík,", 93, Czech literary historian and writer."
31,Flemming Quist Møller,", 79, Danish animator (, ) and screenwriter (), heart attack."
31,C. R. Rajagopalan,", 64, Indian folklore researcher, COVID-19."
31,Isabel Robalino,", 104, Ecuadorian lawyer and politician, senator (1968–1970)."
31,Bienvenu Sene Mongaba,", 55, Congolese writer."
31,Leon Silver,", 96, American geologist."
31,Rajeev Kumar Singh,", 69, Indian politician, Uttar Pradesh MLA (1985–1991, 1996–2017)."
31,Jerry Snyder,", 92, American baseball player (Washington Senators)."
31,Gloria Tew,", 98, American abstract sculptor."
